Year,ACCESS-ESM1-5,BCC-CSM2-MR,CESM2,CNRM-CM6-1,CanESM5,FGOALS-g3,GFDL-ESM4,GISS-E2-1-G,IPSL-CM6A-LR,MIROC6,MRI-ESM2-0,NorESM2-LM
1850,0.05872048001503435,-0.1782656465604412,-0.12516196064741608,-0.03504552409288089,0.05864140985107681,0.06857954336417675,0.1562129769351135,0.105601063668841,-0.03829340090853422,-0.057443601573817414,0.10785415193770181,-0.03201722794399116
1851,0.04532527294799954,-0.22219755117495485,-0.21012529869935165,-0.03248949292587731,0.05310357766123433,0.11101728580409603,0.1093815837510669,0.03907454073960761,0.028729214097629168,0.010844582052877689,0.08221154365585209,-0.0551539445955217
1852,0.10854058273753733,-0.1519905346168558,-0.07129173770157733,0.0046590828482302215,0.04545796800897982,0.200500706135343,-0.1167264144656958,0.0706815403999773,-0.06733099955595755,0.007170745537768807,0.05049393479036364,0.030652401100002166
1853,0.08302243752310304,-0.10602882377414792,-0.08556922290800069,0.021121355846606283,0.0828999158783532,0.012884584665096205,0.1276864420861254,-0.03131567508084858,0.025257730784046188,-0.07399854804204017,-0.003087741830477658,-0.046440568023882745
1854,0.03255505695021898,-0.19050060204321115,0.12114600940225466,-0.0012168157405771723,0.10401990666379243,0.12236001880819197,-0.03930470447346263,-0.06287663611123344,-0.007317282664164721,-0.042663149708546365,0.08738538566651136,-0.013456921157984072
1855,0.10504143004224292,-0.13881288770731615,0.05388763514773432,0.03411354351071439,0.10677757245635024,-0.19926781256403875,-0.10318480393012901,0.01123854031269641,0.022716743631659306,-0.12986983465177163,-0.01817475346708194,-0.05546888401384117
1856,0.08865384653785323,-0.04516475108190203,-0.1701488843503481,-0.034976775975617526,0.06920039087017275,-0.2230930780033582,4.315364007668455e-05,0.039753235946942106,0.022496006041227545,-0.023833805458416076,0.048326558033361604,0.13504855420052678
1857,0.13640193634653297,-0.0937203958577094,-0.11508078755559863,-0.004245426936351801,0.03170910154604627,0.005032678260299883,-0.09501263029077565,0.03672136773947251,0.049718071268541573,0.022570447314424327,0.11946531118115061,0.30165966073348627
1858,-0.0516302371579393,0.019953604375564003,0.09702680185288161,-0.026991875525010704,0.06305307638443619,-0.014197928618382405,-0.1836787258167673,0.023418703491972045,0.02361887548042061,0.04360034335152564,0.03963507286616975,-0.002150832553837427
1859,-0.10770225974188141,-0.060888196420811044,0.11371803715415044,0.0368559478872395,0.015274402640112622,0.1291403450131745,-0.04551714319758099,0.09621647700031956,0.007075767479719822,0.09346713798628839,0.07973500867504375,-0.026427611709179986
1860,0.005590344571727779,0.09937810171458751,0.08634227848698155,-0.027360989175122342,0.04190846505366545,-0.008292057084687346,0.10573536377164365,0.0427523089935734,0.0882458641955852,0.006329800319288634,-0.038326334819878884,0.1064552463336834
1861,-0.06078095996007578,0.09525114073401993,0.09373910084078153,-0.00640994073266218,0.019953651095383634,-0.1478095692587337,-0.3145700147726862,0.0454685032581899,0.06259279204488141,-0.024901262872750903,0.0006185933595508753,-0.06487774731900713
1862,-0.018662324625528814,0.11436126359376333,0.04100893014468647,0.012533779590348248,0.07889811519799658,0.09146814144399758,-0.2066454936381412,0.07852000144711649,-0.009355265087115636,-0.01780442198859427,-0.010194988950046098,0.03010415856697755
1863,-0.06856448111509945,0.07036563812327068,0.1729066258163216,-0.08334144219822798,0.03626376388082955,0.03364517311880953,-0.053258190932993194,0.12420905426726782,0.019358689819075157,-0.057521133930575924,-0.09210841562263171,-0.02051902279820764
1864,-0.03013355097371128,0.07976142316113413,0.04015751049319813,-0.040136241613711786,0.023911414017154436,0.06642579148770102,-0.04475851412159938,0.007965727515470991,0.019789250173943878,-0.08719671341892304,-0.11181974667450681,0.02211071777814471
1865,0.10341499865816503,0.06072296215223469,-0.04677596344468633,-0.06824741900648738,0.050904710228027256,-0.025424117683753068,0.018763808180332603,-0.11475484048535219,0.06966465430029233,-0.041484033024752745,0.028022912431019495,0.06911077620379807
1866,0.05174373002503397,0.017598932384260555,0.017134598378985084,-0.042118468971021804,0.03670408601208645,0.01810865459880509,-0.09266190800625962,-0.01646599394487715,0.04805193712240823,0.08622634425216888,0.05172773680360851,-0.14160475202376693
1867,-0.10787018683062362,0.08187424997440887,0.08599875161997236,0.017575335442741317,0.022387439070752312,-0.07198216248638975,-0.04426950633824009,-0.023347539960929843,0.08974732980256157,-0.011370366834739886,-0.14072771344229906,-0.12575995823319897
1868,0.04818501930702879,0.08440980814455532,-0.03348566598770369,-0.036807557397801415,0.017261523225450093,-0.004992314476490591,-0.0857615593734445,0.018999122638751677,-0.038226341279479936,0.0006173261728997614,-0.02522485307071682,-0.1215637873968178
1869,0.012763820612541133,0.05213078287643321,0.06814919416954757,-0.006931544521052049,0.012821069239512524,0.04464852209480438,0.05086544148729243,0.049961384749756914,-0.005250780381806373,-0.008351707223229192,-0.15437881397122843,-0.12955643576446904
1870,0.07654084417255347,0.08398293807222179,0.051200915094638824,-0.04058393769061283,-0.002607088440215893,0.03273282736987448,0.019017314139819243,-0.02451264839779717,0.045243072611890464,-0.028461147838663246,0.04583254455240674,-0.003576401527997599
1871,0.0943682934091803,0.04253610976165936,0.10256123596119704,0.0472073798127205,0.03062573263889877,0.07828315381822196,0.10603243119590802,-0.01828085567532243,-0.019859523492613544,0.06156156332180364,0.07841996094428681,0.018067696879888625
1872,0.05238050597147186,-0.01185892159147972,0.08667692671372237,0.019975313524072755,0.051172561427059234,-0.011345712212597928,-0.06800006199439183,-0.001441936584822106,0.005810454309975538,0.07180715337310749,-0.024331515187280984,0.14549712899988848
1873,0.18065850170355705,0.048622180010988315,0.014264801288186253,0.04456110383942218,0.061463081171248005,-0.06236034127447826,-0.09293530288462101,-0.09607185578194023,-0.02740161971239133,-0.06827840795673551,-0.047843574733246755,-0.061661391933786704
1874,-0.03895399686947328,0.0210935277634366,0.05454917150388236,-0.0037240845069797133,0.002191489887856894,-0.3530910745899547,-0.003611051721967552,-0.014889642990794653,0.06991085867107598,-0.057885071050442716,0.03227127363328661,0.09065637115370527
1875,0.02283728794937453,0.05938839423872021,-0.08263189617242114,-0.027677349508838527,0.008963373501314148,0.0747449957911512,-0.03246414598301331,0.012274228576103436,0.030580277881141184,-0.061055030203388386,0.0880333728574709,-0.08005071493025921
1876,0.08330025630196985,-0.00871789694385638,-0.15163271177722187,0.007343002724863644,0.009658530793779683,0.06052964890329466,0.012285017134855853,-0.005380608356074502,0.019038013540466713,0.002788514534433002,0.05214550443493908,0.03476095247560124
1877,0.013084974953250578,0.11513739801734474,0.04956516316876928,-0.006624143778375986,0.011147318650557297,-0.3181034121796845,0.01658859993621853,-0.020270669485374867,-0.008830806518354344,0.13051920180970764,0.06356882109421057,0.02842996416648267
1878,-0.018355825400306714,0.03879838481232931,-0.0725020682345077,0.017437702273896755,0.01547113013856825,0.0110271901832838,0.009057255713564,-0.012775311681022472,0.03043297106698188,0.03606234959154263,-0.1319882359085742,0.09592033979577047
1879,-0.08352885778397123,0.04922575256955605,-0.05895791731905785,0.05253883544749568,-0.013800396973870888,0.17412702547380637,0.025273620789419096,0.09240816990161134,0.016371271065959404,-0.0014075131299427755,-0.06436481810042922,0.11972850744911394
1880,-0.09705530821803915,-0.005985438669846314,0.22749817949923817,0.0738582547031087,-0.011717906410485522,-0.28179188070378874,-0.08611470650889114,-0.045223555380759915,-0.02981840897291113,-0.07698338927065565,-0.11874642337527347,0.10729550300863906
1881,-0.09691014536643085,-0.08068432000798571,0.2809347632738372,-0.01895771516606684,0.0009576639333222143,-0.02820512082856368,-0.15081113072402189,-0.03382974441236031,-0.029408800525037998,-0.09392443297554798,0.13017198846807373,-0.010312292322466195
1882,-0.14352501822436725,0.12666489174922008,0.008648624353748805,0.059776686326629594,0.021421034563159958,0.08831044889070945,-0.1359436598114707,0.10137909865985612,-0.025626642567380897,0.027398872882633832,0.09196740807872779,-0.01950330299042032
1883,-0.07952684844527622,-0.00023005733420654472,-0.21226019218388745,0.0764130983617461,0.014762571794012561,-0.08085691477429618,-0.09485582027592263,0.014581788739726268,-0.025364104892147635,0.15305215309180037,0.0506558137052333,0.021745920293702065
1884,-0.16593086184899775,-0.08810696811977248,-0.2543538418266653,-0.016418622568248404,-0.05646726984362644,0.013715723781563785,0.0021657257824377516,0.02286916179436022,-0.026140134256388475,0.06258580277959082,0.037037256049914404,0.04163242643087727
1885,-0.06904293389091239,-0.06929679720161686,-0.10106844955681876,0.02897064465069076,-0.04844099160100871,0.11680975325530522,0.36772341206879416,0.025406304408889316,-0.13575204515595424,-0.0006120320614974714,0.017609277424897204,0.05916728425209694
1886,-0.07162025411748908,-0.06355035617783027,0.06413938215279297,0.030054606987513693,-0.005683469430742657,0.03457283674685624,0.07675883355641143,-0.1282624583123182,-0.051575667672442996,0.01022151095779692,-0.07263318304004102,-0.033814320139164564
1887,-0.00303482650473235,0.04288012002517571,0.17696932542929425,0.027948948471395185,-0.007795136600366892,-0.03672640006928426,0.020308724593741594,0.001844041212275516,-0.0012613919283378503,0.1394823926802173,-0.03938925165852482,-0.06373040450861182
1888,0.03461489031051973,0.10000642472480215,0.1118823144457802,0.030183615747496447,-0.027217738106628822,0.10313860384236007,-0.09892259783995405,-0.00537979686875001,-0.03201920146899976,0.06273661844158976,0.0066840707775966835,0.022140538836526714
1889,0.043618075780426716,-0.0009255914751997417,-0.0009689233678019838,0.07984594340647296,-0.07869251835821141,0.0005576871193335829,-0.12932450571231827,0.08299001399539802,-0.0910990360628229,-0.009899471824498192,0.021135965609777662,0.07366220845896387
1890,0.17073406368383362,-0.006069190404132378,0.13096740803826779,0.10175719927324552,-0.08322262756181377,-0.06939894110002343,-0.05079911916482042,-0.019016962055049633,-0.12016902008675635,-0.020248571882432356,0.03473532186276661,-0.04425146037595344
1891,-0.07238380741077043,0.08579022744086584,0.0807456587460893,0.11034542104396176,-0.04530038109400493,0.1300989102387142,0.2750235213025931,-0.10515530171274187,-0.060782428342457576,0.15896293092040223,-0.16288293931118397,0.04275105453232419
1892,-0.09280663310512059,-0.007749305853649949,-0.06322177120298025,0.054197074956234895,-0.035922980155535154,-0.02869677360301854,-0.023913644886652995,-0.01773061408851931,-0.07881460785496434,0.09575701840408755,-0.025994206419813187,-0.0017111414209345832
1893,-0.04403405667920222,-0.00389394007598994,-0.10983379772858178,0.03092605469122693,-0.037612787356501476,-0.0670518180028687,-0.11252507152250922,-0.02096532237434692,0.024965407974737223,0.10541650691629337,0.027787155290715595,0.1459417414098044
1894,0.003804736836045307,-0.05843411568255148,-0.13476466686065997,-0.03098879941650146,-0.0883791528967604,-0.042783924385727604,0.022299326175174338,0.004666266555091723,0.10175565833593077,-0.04312988199893817,-0.06262331383810016,0.2022704908119881
1895,-0.06993234944479715,0.08054022584723747,0.013828561481115928,-0.076279935774844,-0.06950915785198697,-0.04820006424907786,0.13245517261116124,-0.03255928449478465,0.08709573312358472,-0.15684560016197643,-0.030436561945495415,-0.0014143326558411766
1896,0.012792705292867405,-0.05653707009769698,0.011499617260707485,-0.042526783709361006,-0.11331167013778029,0.017889365153776298,0.2642886081988605,-0.13428673303423555,0.011852767529735807,-0.12239367201387079,-0.12005298238429812,-0.13936288272863973
1897,0.05791801029976395,0.018845947981566455,-0.09477070337342182,-0.048849819059334366,-0.1037239945253364,0.044329428962187396,0.10046855014001387,-0.05499945306573317,-0.0041989161394969925,-0.06524800771623442,-0.04026061905014858,-0.16450850623376967
1898,-0.04097065930372099,-0.033019048085623275,0.03506099558083558,-0.025451147631619035,-0.12408960219442351,0.009896838144017248,0.06531452014745,-0.0028026181275602313,-0.015007503427835212,-0.03503216298493581,-0.028202069785413408,-0.1465902390086675
1899,-0.07349212051610253,-0.0457149697247222,-0.08269606272320545,-0.1347869549360072,-0.11154235548648529,0.3180908382098757,0.11044846869489784,0.01248617847627482,-0.0150347433043948,-0.009292147588091477,0.10057440285254907,-0.16271613637694352
1900,-0.020163599405262016,0.039022946434177086,-0.21490599387768197,-0.10101112280886962,-0.13394882245540796,-0.08899530252963204,0.3113725563553517,-0.11889076602599463,-0.05618074009472442,0.03795580269374649,-0.010313290450488571,-0.1766084231848619
1901,-0.06882620352987677,-0.07616390106773278,-0.14047261672555617,-0.09296198138560906,-0.09970308181865016,0.038389149832394505,0.2508577230215063,-0.15267593701958004,-0.08127042044795461,-0.022276621522812495,-0.05056901416952564,-0.12238561208990006
1902,-0.17926525148233813,-0.2769964105418641,-0.10821538001892193,-0.057468382811813885,-0.12160220049241273,0.1940793944065847,0.31863448251600146,-0.18473230794659817,-0.09322982278666708,0.02571688434649634,-0.08628027364707433,-0.17275152914528133
1903,-0.172166540997472,-0.20138997040614395,-0.0942245105427679,-0.08521963980650048,-0.17372209208297684,-0.062023469047750746,0.31612567830783933,-0.08426160083818132,-0.1487788972997579,0.047684950768074434,-0.11009371876546616,-0.20226100030885943
1904,-0.17923898835209132,-0.19351331165094773,-0.028069736729790955,-0.08463874673994667,-0.1529162613602875,-0.1776423847794565,0.10086004057854898,-0.0085049404396241,0.008796404387460693,0.06829520512317817,-0.01620728753700941,-0.11909064582560648
1905,-0.1175653917043585,-0.10849709507836833,-0.04029605196227184,-0.05271538379167015,-0.15663739617957895,-0.06798649071874184,-0.06889588425444623,-0.13201576654966798,-0.09150658930865559,-0.06403842530216751,-0.04676873336804782,-0.09876863992839469
1906,-0.12046640701012742,-0.2214273238530429,-0.05605767440024563,-0.13803371668105355,-0.1397052867866884,0.06480679660989086,0.09842926887421617,-0.15411657999995404,-0.014398897719810951,-0.19897158599067333,-0.1348296907416483,-0.15619640692404596
1907,-0.2586834595371109,-0.2660073117425467,-0.11911702169665672,-0.1669919215902095,-0.15990445761088565,-0.1468520537434457,0.11057433670292581,-0.13562929569743667,-0.03830571280614498,-0.1341260588765514,-0.11517143068350567,-0.14298352614369828
1908,-0.08746857004699876,-0.3503358331015948,-0.06685304328013615,-0.10381842205606227,-0.1662460515542156,-0.3109145786709597,0.1275502192593694,-0.09000600391723207,-0.09363200903113891,-0.07409245507836025,-0.06569684266455,-0.1510301081924911
1909,-0.18965882761071615,-0.4279685480569097,-0.10906228797790025,-0.15286532436782252,-0.16530071019933087,0.06288007737355024,0.2016049602818064,-0.0585593467323741,-0.10128292944660436,-0.04627980155726577,-0.18825730084795778,-0.24658837124194358
1910,-0.11857027988009598,-0.4393096790076115,-0.009889457757719626,-0.2347793806793998,-0.19226598213101556,-0.0963477713073373,0.1369692829683476,-0.13698737230386393,-0.11577095502774037,-0.21612917135591633,-0.14940733517101915,-0.12872387878694075
1911,-0.11451172527470264,-0.4171819189045988,-0.09288326686733356,-0.09849479239936397,-0.19290591111545477,-0.11765904966175068,0.437833970470315,-0.11721097739122485,-0.08811366857756532,-0.22816764842561757,-0.11869683254362592,-0.03315672696647806
1912,-0.2528911505661928,-0.3234156418086485,0.068612839941075,-0.12509513565619815,-0.2240735285875247,-0.1416421600609319,0.4259753796615135,-0.09352373028303526,-0.07670566731826493,-0.16221084950243297,-0.07837623300260846,-0.05548500745192081
1913,-0.33285695938445453,-0.41400673479202255,0.12991330975953966,-0.1346358047565131,-0.2287676453607401,0.07502384252205968,0.015026009919183118,-0.11423997390575417,-0.16323769888930173,-0.09367442582568758,-0.15598621251278885,-0.1396064986167937
1914,-0.3301645167571169,-0.4169100223590134,-0.11515804298998915,-0.2022359627242376,-0.22149611459454133,-0.09288237734865074,-0.0007433662507196546,-0.09537614489048815,-0.1588097191376492,-0.0041256207881228395,-0.2613662772477688,-0.09953767683694298
1915,-0.24931577727812826,-0.3364525339037016,-0.11393969663462125,-0.11878207074557778,-0.2308935073536223,-0.04304219697394567,-0.10638987517139085,-0.040182440136972544,-0.15917577655702153,-0.013427630021008953,-0.11876070661098545,-0.002674154777456697
1916,-0.232064796408828,-0.3444698699283942,-0.01664949902592762,-0.23851167167782333,-0.25907654057631646,0.14173139494111786,0.0036128081615523166,-0.04779814449853278,-0.05547478408633505,-0.12970953347426892,-0.08296151380040201,0.007245451260480421
1917,-0.11767485097829444,-0.46922901929689154,-0.12196277873163144,-0.35504398805790305,-0.22796654843708386,-0.07423763871811956,0.011816828018157643,-0.04548197127618861,-0.0678866918186656,-0.15856960378755716,-0.21257820156080195,-0.03240490401220855
1918,-0.18115097026933574,-0.30139628753568914,-0.11065872755563474,-0.1843253191375203,-0.28976570746261104,-0.09664209484971652,-0.11361108739526973,-0.05863744446924091,-0.07057776825759043,-0.18281278280690566,-0.12121607844832537,-0.06795695479246273
1919,-0.112445186202541,-0.39252809503819114,-0.0781813616218017,-0.21121290573890442,-0.2753198044977052,-0.27523192718498474,0.03293373188100738,-0.1284681080229764,-0.033542446067428844,-0.1886220018233196,-0.10260877021714805,-0.20382596301011083
1920,-0.2063762258723876,-0.550513298792479,-0.03805284910914734,-0.21462218270724862,-0.28230104724131744,-0.15018939433929301,-0.03966738144049569,-0.11972616949087081,-0.058093983802909165,-0.1247662678189372,-0.12092638029477265,-0.13060175700338902
1921,-0.22086730363554752,-0.5446745004745427,0.031030588192683735,-0.21294707101158986,-0.31571899004477916,0.21026798317432466,0.13523213812868579,-0.11009777043879876,-0.1198364054893686,-0.1155437031569629,-0.03890837971826861,-0.15432739874445095
1922,-0.2726660146862521,-0.5209501596528797,0.04831675591487357,-0.25068125449116596,-0.315975281513659,-0.1905077214794433,0.03846599642454106,-0.020656723271050552,-0.06075514287319012,-0.133995351060076,-0.08735251413186836,-0.16487754685226483
1923,-0.2679543076337206,-0.5403744157005108,-0.10625376935701883,-0.21297375910250768,-0.2848943851916887,-0.07460135224830655,-0.10300698092953901,-0.055522091415446916,-0.12115526268764236,-0.05319945968245489,-0.09425235679772835,-0.1359624529119233
1924,-0.28524642522494853,-0.5714505436679341,-0.07660278306597429,-0.2859337886663302,-0.3184340902966955,-0.09923276480466575,0.01412799958208565,-0.13020047691087103,-0.03550919980776688,-0.13132664950945755,-0.0254103606060626,-0.03860977241980763
1925,-0.2601347179084222,-0.4707371839518528,-0.05503560205195393,-0.22812189881080913,-0.3407144629609642,-0.05311215580569926,0.11059474453487565,-0.12329264350399653,0.001815858551537695,-0.14330806896633194,-0.1403218955203908,-0.1678895195263079
1926,-0.28966433964838345,-0.4769114951710259,-0.1623042147411644,-0.15566120825006796,-0.35383061155220263,-0.029338511747156105,-0.022604020360717687,-0.03844500158307174,-0.06365866677580184,-0.1053610036391791,-0.1934293257668615,-0.07313388170446343
1927,-0.2561759472485485,-0.41309772343346907,-0.2695487301021301,-0.24313451796641022,-0.3460995964769384,0.10821400924218379,0.00936645470259215,-0.16747560804277817,-0.1401887417750966,-0.10001477327924267,-0.2280397212795141,0.05763606416026837
1928,-0.25500129212560685,-0.34178511787649996,-0.10561464248515644,-0.24131021816776096,-0.34259000623654495,0.12643775422952092,0.09113817514786107,-0.12269462984476108,-0.11885604135375595,-0.18094833512856173,-0.19189209712096925,0.05111747683817902
1929,-0.28829143338630153,-0.3713622325177925,-0.011733954929878688,-0.20995690892435734,-0.35531146695889343,-0.10201699479443,-0.001963121314584203,-0.09364729269668724,-0.05415469902305535,-0.22076312555065722,-0.20925997647723577,-0.06379688806427672
1930,-0.33557771376971746,-0.28451000298629847,-0.06086496547928649,-0.19057655343002275,-0.36832110055516604,-0.04029752930134763,0.04566032414061797,-0.1553379539272999,-0.05073681769459322,-0.10322044043946643,-0.1715789294940387,-0.14300542406175035
1931,-0.24161189803311572,-0.30565163833663556,-0.08931289557335853,-0.20143703589597955,-0.3442841682738473,0.17334238223055864,0.24466514590987268,-0.12443027554551751,-0.04364181000893883,-0.07012554546958004,-0.2010346245262967,0.006391319804888867
1932,-0.22288438277096767,-0.20719383661428675,-0.012066404550772951,-0.16724066834191803,-0.3363852617717895,-0.08355073091703238,0.3963425065852595,-0.07336243411892625,-0.1493787104367315,-0.1303934022668373,-0.16523405015916776,-0.03517827956530713
1933,-0.2780069415704383,-0.27818420112953635,-0.13394405120645875,-0.24983429692606227,-0.38166864186253263,-0.11877868602597538,0.007336607305224648,-0.15788714500033113,-0.1298760534320563,-0.20883967863773908,-0.18569383724307056,-0.017203321257908286
1934,-0.23611566046022617,-0.36068745750945,-0.17064649265074025,-0.21238558543508132,-0.3996486538617426,-0.09081884564869099,-0.06988239806317205,-0.20527189957997394,-0.17001216797657234,-0.27975245803371324,-0.30825585381151227,0.02825948075091159
1935,-0.19546860086895212,-0.24201729786098186,-0.23190627375857847,-0.19769865977143947,-0.37231656485420106,0.11518668234977864,-0.053618607259750296,-0.14808038692090886,-0.1477296574096411,-0.3662623591446526,-0.19203759503353435,-0.0007803271726769233
1936,-0.203635146994382,-0.24768860020244968,-0.41646798745417035,-0.13777372480701197,-0.38671717057507715,-0.14062189413128606,-0.06543671885532411,-0.1522245120765388,-0.11558343515864236,-0.18531446318597009,-0.1864996276837776,0.03927283005447996
1937,-0.17539303889683958,-0.2404889230882983,-0.20367840993012198,-0.16051829485334637,-0.4193320872573018,-0.01692689308093142,-0.047663955764739606,-0.21580583779753096,-0.07285124778078601,-0.2992661133800691,-0.22921532937953357,0.03221978930250692
1938,-0.23166030362793805,-0.3354502924739195,-0.17336779499192168,-0.12340484720710275,-0.4405392029115374,-0.0007332926116335832,0.053336886561578076,-0.14970531455951866,-0.15154460533855021,-0.314688294899251,-0.1570224841330215,-0.027645131971672274
1939,-0.24609533918338386,-0.3387648934176107,-0.17941335117200122,-0.10449758868249549,-0.44909316461455606,0.03790647701233876,0.08597171527616597,-0.26039848292598305,-0.1307180668633655,-0.09492097530495341,-0.15751779697097226,-0.06851926754060128
1940,-0.20234639657658227,-0.1370500762628355,-0.31128468536966636,-0.1855259693671718,-0.4205995956694564,-0.12026890627305047,0.0037777112506701778,-0.19609808775990364,-0.169819239577674,0.01277902633423262,-0.2808371698373687,-0.15767616690321723
1941,-0.28371282862225705,-0.23966583079872744,-0.162891486629299,-0.1450353242865131,-0.42365155925989634,-0.09910971061434141,-0.11482673552334106,-0.13994264579349902,-0.18828050522625947,-0.07573457690199442,-0.23084652589275537,0.0032678469836151937
1942,-0.20874722883326438,-0.14701176727804066,-0.04085112044263073,-0.31213015627744045,-0.4383933647563468,0.10258530730478542,-0.01975798045252326,-0.11285131521357587,-0.21483518547978125,-0.10594968541284158,-0.28359453812153707,-0.024719632901165807
1943,-0.25984769725274315,-0.21050284072797584,-0.17218091993545295,-0.2641826297681982,-0.4541763666681427,0.10346425553194338,-0.06536118573278993,-0.2620653783140612,-0.10596038209600858,-0.1876706485043018,-0.32574364723621135,0.03686496709479473
1944,-0.18806378115702152,-0.3301813618085781,-0.21152030885709877,-0.2514837914942806,-0.4280952086827404,0.06014758913570428,-0.0028241159373095393,-0.2685300453040963,-0.07053281361868725,-0.37434919226124314,-0.31983014908882473,-0.1906217575840012
1945,-0.22785396699998314,-0.2844562931983932,-0.19053830290580454,-0.32935682004889755,-0.44518164514165554,-0.15523669516150387,0.07330802304448608,-0.1738092586751154,-0.07177888777717886,-0.255571653828906,-0.2606607199316923,-0.203216739292484
1946,-0.23037078847404868,-0.3074725429629637,-0.03794312115123013,-0.2979011373882672,-0.43832666735505793,0.08344119655496957,-0.005878414710537851,-0.19945308384177662,-0.059071202676918115,-0.2287471024348761,-0.3499353187346669,-0.11866133420094314
1947,-0.2640015242164927,-0.24411065439868138,0.0015431576772642914,-0.3443609355026221,-0.4627135047815255,-0.24481458550816415,-0.041447781707411285,-0.2379506440827083,-0.10108563722006965,-0.19131245633263155,-0.28992153656585495,-0.006741937557018831
1948,-0.18271392819571536,-0.2865514727403036,-0.13760667769561408,-0.27636843040770703,-0.480146260526041,0.07015848930007165,0.13969284549605643,-0.2198252833922149,-0.06454264697685877,-0.1452734138602896,-0.2508763025713974,-0.2882934380854887
1949,-0.1393377229756955,-0.30977529985279695,-0.058807686649050527,-0.23441925758439622,-0.4880034950890114,-0.007686035610720945,-0.08609289725296285,-0.23421400663512731,-0.057045886279688734,-0.055697589750069346,-0.2674590282829916,-0.2453442431166367
1950,-0.2286308977389398,-0.32075125838907337,-0.20052691219048005,-0.2172025947613804,-0.4788149022946441,-0.06090320409587233,0.10293401988459075,-0.22517616415226588,-0.1350720761555286,-0.062123758551365656,-0.17733192499016648,-0.28429483866826827
1951,-0.2154321886841716,-0.3783111331262494,-0.04541590449689119,-0.26320629253840816,-0.5156424230519219,-0.022763416428482366,-0.12182195060018715,-0.19903761275408122,-0.18331998598309251,-0.23492949956372625,-0.14288044235869488,-0.21731450567115293
1952,-0.3155729591390282,-0.31711695057412836,-0.13293468355755028,-0.34084942142149816,-0.5235150723390422,0.10988047856181699,0.07096247784714305,-0.32261006466693076,-0.20009829562929854,-0.23186359198536924,-0.31074219587852053,-0.17729289955399072
1953,-0.11313363022671025,-0.4017856078432351,-0.1124025865521131,-0.27324954160764875,-0.559642980468934,0.0031042808135198735,-0.2902145909160801,-0.3062797491035919,-0.10320367908920025,-0.25304168252582254,-0.2537914350625667,-0.1346151580953581
1954,-0.28581255834870034,-0.5546026406404881,-0.1777621000613749,-0.3433554843591635,-0.5530767050361248,-0.3952481743325511,-0.0818523419202176,-0.2296807884945941,-0.09862433519090626,-0.26168299665149,-0.2983581653385152,-0.15529180436880907
1955,-0.3398346659369197,-0.3745318621754468,-0.09834926516623056,-0.33054055612653366,-0.58491829441934,-0.1282891069503565,-0.26423563008488177,-0.2105131767750113,-0.22795941129817537,-0.185622682757364,-0.3226643085965672,-0.16474167309120744
1956,-0.3215318544908185,-0.4344907860738625,-0.14155312913406817,-0.2807732700436401,-0.5592078530076601,0.043260496752727876,-0.34647225006177346,-0.14375890288303586,-0.1854106150648941,0.038374838949090745,-0.41864168993323014,-0.18207078626787265
1957,-0.2989202268027517,-0.6567912798716032,-0.22027690844071643,-0.3892052886590212,-0.5959377274979829,-0.012338809002457629,-0.27374279758130826,-0.34632148285541275,-0.19454216256870577,-0.019546490230600847,-0.4368499391986734,-0.17002502532009234
1958,-0.3490316419802109,-0.49018202315979664,-0.1364537870660577,-0.3763373871958664,-0.5926956236341713,-0.02785059922722554,-0.19334505431501708,-0.36773109617241045,-0.21718444482799656,-0.1150607903937858,-0.37409940022556865,-0.2800726870721596
1959,-0.43257293284083187,-0.5876873694138448,-0.10170745424458033,-0.39169611224976475,-0.639968223173071,-0.01847325059895755,-0.3975500285079299,-0.28509273759974413,-0.25503022712163204,-0.2630429608568707,-0.3525004449460773,-0.24839732934894598
1960,-0.39917427507787034,-0.47993193598518386,-0.14999504331866897,-0.4767027518676473,-0.6507593920538003,0.04558029072597627,-0.3086911626064799,-0.317842296057712,-0.22170576449311008,-0.23797931671935235,-0.3766196163063445,-0.30939787838233546
1961,-0.35323299070999586,-0.5838812870863012,-0.2043802576222972,-0.4157697525691862,-0.6661403963196375,0.13711923028690434,-0.20755695104460625,-0.3438535803518917,-0.20685354789078472,-0.21943601515491493,-0.4721298633840222,-0.295519623540475
1962,-0.36859416901918723,-0.5866339104547474,-0.17911100627038212,-0.3520136557268351,-0.7160529072572054,0.011975391836475417,-0.18849726099870961,-0.4077210870634476,-0.2577217409380033,-0.1611976442117598,-0.37496958561029375,-0.3223017780883558
1963,-0.4061668424782655,-0.5564792701125321,-0.20854013099450922,-0.5015374858995327,-0.7484310565498264,-0.17103495742472385,-0.23756399839717462,-0.4659271259005082,-0.27396135449233866,-0.19248748408575664,-0.3479225938875627,-0.4249311715632962
1964,-0.45726914261761237,-0.6006996604440265,-0.27024605457613543,-0.47518811398612315,-0.7700021886810419,-0.3393195734568214,-0.4407036902969904,-0.3404533580672498,-0.2946323067080999,-0.2234428957080972,-0.29697568429601967,-0.4188000901644929
1965,-0.4664396061752464,-0.5803404416332368,-0.23702039691132534,-0.445511019347257,-0.8201038786845974,-0.2838095178577954,-0.3119292108251134,-0.395854395710067,-0.22871955110435133,-0.3143393792979559,-0.37125017668520205,-0.4213565579740493
1966,-0.5572681411978846,-0.4741306997949735,-0.29371586339336886,-0.3979146117976124,-0.8264586758625511,0.15842083593254694,-0.5141204012868328,-0.47882719863516904,-0.32047407107720005,-0.38332009414954554,-0.40986670843309647,-0.3358565660592287
1967,-0.41941489012056715,-0.542573913631762,-0.1572801712382335,-0.43944537548393514,-0.8585111300926199,-0.1512581161874067,-0.5093461615509431,-0.5505464661430443,-0.3045906028743269,-0.3620085402561005,-0.4642444722212294,-0.5216770730051079
1968,-0.43426495159790623,-0.457725971856897,-0.44564196921200766,-0.544267423718354,-0.8779632584387607,-0.2833552696782997,-0.39414945729557077,-0.4846933533863139,-0.3676626946437995,-0.27947105285385176,-0.31136112504751,-0.4875603953480923
1969,-0.47729840349289815,-0.4617027946314181,-0.3700438250123845,-0.5155580061751505,-0.8748173677491972,-0.010691003150316332,-0.2120080257366603,-0.444305340245928,-0.392143439558366,-0.32989869259981075,-0.4146287863634635,-0.5411834175550516
1970,-0.48196586789106594,-0.5056289620303626,-0.47498813543489676,-0.453192576092778,-0.9025988251838284,-0.24493312646925813,-0.13673289452822895,-0.442008244563145,-0.46482610123993656,-0.33157154201430455,-0.4499418813232806,-0.5215836465709728
1971,-0.546338362678225,-0.5958532668304197,-0.5569473339390466,-0.467130175729998,-0.9773019167926476,-0.199363376897841,-0.3445076872338,-0.4624712990585744,-0.44858012685666,-0.4315140659975507,-0.44592223420778254,-0.5255390398530739
1972,-0.5488823785529108,-0.5274167475927726,-0.4563307423509958,-0.5054921324473789,-1.0142713159180443,-0.09101681368381621,-0.5158804207722932,-0.5448093314164003,-0.45935464465186676,-0.552904466587095,-0.3585305661848211,-0.602686338368287
1973,-0.4812230380331008,-0.5589425669947878,-0.46920451352896553,-0.5213888313435969,-0.9926462102245802,-0.27210712374219104,-0.3788302435493355,-0.513650011547297,-0.47128049010370643,-0.5596621773300476,-0.5260011566741057,-0.5413141172955592
1974,-0.7103895133525752,-0.6080372806825526,-0.294746484882514,-0.494082066611906,-1.0306081013352162,0.10381290629457676,-0.351543085719131,-0.5967350847104057,-0.444589654436353,-0.42623360929660586,-0.48293792159409543,-0.5495510989521885
1975,-0.6255957506966833,-0.5237136938482839,-0.1124734947008371,-0.5541266000774354,-1.0171262154173817,0.10232324157251728,-0.3966015213079914,-0.5900354410988764,-0.4150339196433157,-0.39524562929945295,-0.3629721891116233,-0.5475061124280811
1976,-0.7337966291721599,-0.48206963628612814,-0.5031476846924637,-0.6135009238073137,-1.0931682586444473,-0.03488144477291517,-0.2342258934246971,-0.561843037807673,-0.4383542444563312,-0.3605790135522774,-0.48640444164064783,-0.5654902174081787
1977,-0.6961612983408623,-0.4293991326515677,-0.45345491878888794,-0.4882000676835015,-1.1253020321673675,0.015174998411777878,-0.1952957523310408,-0.6464511934180694,-0.4803049850823088,-0.22771358116930074,-0.45446156870209226,-0.499333311722382
1978,-0.6972984021444684,-0.4767224259846818,-0.4155461131473205,-0.5302573128382294,-1.1386108071727565,-0.0623132476689199,-0.3284513693738079,-0.6204033644629805,-0.43156541431783496,-0.13819899353357212,-0.4761213780318608,-0.5788623464499048
1979,-0.7591856936073278,-0.5156969343716726,-0.5926973568138715,-0.5920993757589559,-1.137824140648985,0.06443571609155316,-0.4881853798154564,-0.6446898558087117,-0.4065792897288178,-0.32163236826509745,-0.4879357924752016,-0.6593067811604567
1980,-0.8495680120416716,-0.5691410300086024,-0.6485032298576683,-0.5740521869097348,-1.155626124052624,-0.10745939037757823,-0.4147210779472335,-0.6391089205754125,-0.5030453681015039,-0.37386726124272435,-0.5156941953284014,-0.7802187072573323
1981,-0.7709184260661763,-0.47981319661675076,-0.5219453666491428,-0.666430435604449,-1.170710367457449,0.1343057797172739,-0.4447710646552334,-0.5848028113281056,-0.55923572739299,-0.2078706432911369,-0.5100848783049345,-0.6672303977167363
1982,-0.745471180565328,-0.647002307580231,-0.5754159096993765,-0.6585176391100649,-1.2115549072490623,0.1625639037573287,-0.5615295909198282,-0.5518151776539725,-0.5664056092070252,-0.30206980608096906,-0.5796817111321658,-0.5638048232595243
1983,-0.7985172970393698,-0.5665450473390928,-0.6023076309118265,-0.5625335389040627,-1.2482481592371648,-0.10761984574183359,-0.46801654507751445,-0.5715242391609388,-0.5966410114405032,-0.35026911868021837,-0.46164953206354925,-0.5017863238250663
1984,-0.8683216608621543,-0.6043772027969289,-0.5126522845676369,-0.589681645685254,-1.2090096636258707,0.05935433540788849,-0.6808982210092474,-0.5168903887966324,-0.5487442128191307,-0.44650099554848327,-0.5128119352837777,-0.5681425870272518
1985,-0.8226883100456358,-0.5028645913685218,-0.4166968674641311,-0.6334973339889506,-1.2446234001156247,-0.0767116958325554,-0.5082443018009555,-0.584193858768367,-0.5475743738356137,-0.41747140890009843,-0.4347541095586569,-0.6585992433907123
1986,-0.8353391313593382,-0.6366404708065522,-0.57452977945352,-0.6852740680998498,-1.2007318314198734,-0.2374657888478919,-0.16303963933811047,-0.6380612891040797,-0.6193558383169498,-0.4172599365411215,-0.5156692899459823,-0.724492306490735
1987,-0.7854664200561556,-0.6694008467259578,-0.4106054087282486,-0.6336616619287494,-1.2576283997237907,0.04790363098711564,-0.36619531028176877,-0.6285728178239279,-0.5454324973785942,-0.4744287985898446,-0.5975175734794806,-0.815290644874947
1988,-0.7102152905323822,-0.5904421201150215,-0.3125690192279353,-0.659062302600233,-1.2601841455613323,-0.19116689856436658,-0.6380628029552213,-0.6370298825559154,-0.4888194858112039,-0.534986458552616,-0.663230726245147,-0.6360248339691016
1989,-0.7856778951914568,-0.5535737183552216,-0.6315752933630902,-0.6713543423285313,-1.2676154790443728,-0.20974140554395698,-0.6486846538309555,-0.5537899365869589,-0.5486376232862011,-0.3916686325542855,-0.644597197838549,-0.6798756269764981
1990,-0.8487165384662236,-0.6301058805983033,-0.49727247250583945,-0.7150702779894325,-1.2928303429785353,-0.012974650955851508,-0.5171060582453962,-0.5752720700340184,-0.5805344379617066,-0.27197063994057374,-0.5671317225893463,-0.7525014580183056
1991,-0.828442356604307,-0.48299800561075124,-0.48061345993389026,-0.6688498356890693,-1.330842448358048,-0.29379149415217914,-0.10862463088882174,-0.6521633685887769,-0.5510209822499166,-0.41461741974749966,-0.5249182072553744,-0.7612158129386117
1992,-0.6663579349998531,-0.5872716443663341,-0.577673895418883,-0.6405779985519952,-1.3693295322099244,-0.29247356485129467,-0.4100411908513024,-0.5700990499467411,-0.47896999636669957,-0.6112392110439809,-0.5461123763873706,-0.8922427864350008
1993,-0.763873909646411,-0.44278396551687577,-0.4767085158343408,-0.6398089226888006,-1.3263600701967744,-0.025361046995446307,-0.4968840587913838,-0.6213545238069176,-0.5539398542975077,-0.426038998869107,-0.5081121161498787,-0.8164344576576793
1994,-0.7318628613442886,-0.512447798037221,-0.3800121487566226,-0.6687968381610221,-1.3286173645114734,-0.21447107025657908,-0.48728790024072827,-0.6438328950719838,-0.5514864720065126,-0.3748208603880967,-0.667583784108575,-0.9992769092860906
1995,-0.8185588746474075,-0.6373254934279243,-0.46721269212772953,-0.646157426108104,-1.338512969056503,-0.003905392699270148,-0.38072511019680877,-0.6682479108431432,-0.572775715901806,-0.3132835307934875,-0.5288625383354606,-0.9028767734854845
1996,-0.765968441987278,-0.6837099797353554,-0.36844268433161603,-0.6330472502242206,-1.3279483529035618,0.04166756809114912,-0.24100930042438815,-0.6777295641023765,-0.484242275680147,-0.3670333853016951,-0.4788390449197757,-0.8320252121960836
1997,-0.687764155151886,-0.5525398540529894,-0.4210454871450844,-0.7114300010638545,-1.4010892605021783,-0.19339951653275173,-0.2725964588351667,-0.6477349051885447,-0.5272914258014119,-0.486639215909851,-0.5151842050823104,-0.9770319931904107
1998,-0.8825406938713041,-0.44599897505718716,-0.5714797093426969,-0.6851776229867936,-1.4069806467584653,-0.03305195467963205,-0.5167608601888612,-0.7143398354071072,-0.556783993597036,-0.3690127931197642,-0.43941181411440644,-0.8276633739057284
1999,-0.8539368322584998,-0.2960289516570768,-0.3595020495842142,-0.6682357925097627,-1.3719102993885977,-0.16069496559952948,-0.5086546769186325,-0.7821520991791782,-0.4908131155290301,-0.4129840432706325,-0.45160214205617266,-0.7807349744088339
2000,-0.8125796916517608,-0.47064481383771734,-0.34253387677920505,-0.7050829930061906,-1.3619549853189772,-0.15890716145856487,-0.2910147215735128,-0.651094289953873,-0.5217506101821597,-0.3290194476133686,-0.43831955729722916,-0.6614163995254724
2001,-0.7843366358063515,-0.349572684166407,-0.19527618047351966,-0.7110278027433076,-1.3542738295202061,-0.1120202623866285,-0.4099038228611579,-0.5068376909112609,-0.5799960055105394,-0.4250461450923874,-0.3496240844392664,-0.4301145834156401
2002,-0.8980929491412708,-0.3785630808943325,-0.343826737887452,-0.687448876909591,-1.3465443499586713,-0.06617618499428198,-0.31796810442259793,-0.554140033931896,-0.5506722744389694,-0.4592071865206845,-0.369197781334055,-0.5598803086838327
2003,-0.8316038051990805,-0.4192737454035834,-0.2992612472940599,-0.6596776792965288,-1.358201041992825,0.04199194233630443,-0.22459162509188232,-0.6547537578913715,-0.6432368572214192,-0.5300731318318426,-0.3787139678242368,-0.7315508588405418
2004,-0.8223779138854387,-0.5257084415207756,-0.28127357268910186,-0.7294761320074508,-1.3280327854037508,-0.08035313793425665,-0.3652602478215316,-0.5745055724678195,-0.5656513131286429,-0.2881133755181483,-0.44235826779985976,-0.8190901602771706
2005,-0.8334971298362563,-0.4845153334564239,-0.24100926355041102,-0.6071302643365021,-1.3479040945751477,-0.05205716317555744,-0.5138352330856454,-0.6139906059070471,-0.6302144014529676,-0.3644131750745357,-0.4706151463436247,-0.8550424750938066
2006,-0.8782011883492346,-0.3901078603646873,-0.14936643546466719,-0.6452000700366908,-1.3483512034830851,-0.11199758568926145,-0.5780210960388449,-0.6501959036398586,-0.5675158971364843,-0.3816988431551461,-0.46395143447737053,-0.9349515332158606
2007,-0.7952891670215084,-0.47440570741157395,-0.12373598470325813,-0.7620710317157524,-1.3415078154844495,-0.20729763145262076,-0.4594646418199476,-0.6821064890104676,-0.684096560543215,-0.37170780816746873,-0.39881976350622705,-0.8420637367579626
2008,-0.7463959583820218,-0.4886343362857998,-0.3305228506306831,-0.716482712800242,-1.3473151120934432,-0.0845138815513135,-0.332694942990531,-0.7635017843761652,-0.6455708998919154,-0.3570683386829212,-0.41067100200343226,-0.8578981619934231
2009,-0.6148960602540553,-0.5556745158460512,-0.3800265987810936,-0.6256142698492981,-1.3318065337093528,-0.1954203545905204,-0.41070451205186065,-0.6990307804284058,-0.6070973526819838,-0.4837165134232641,-0.4090704598443808,-0.892099281333527
2010,-0.7359090401438098,-0.6004222454459527,-0.5154155424250255,-0.6642457082858393,-1.3329752564433024,-0.1297789186307702,-0.330791971238526,-0.5197654108425573,-0.6453240221594571,-0.5037982041940364,-0.4495851969977173,-1.0557753427150887
2011,-0.6146242653381292,-0.6149627385401503,-0.40790039604501804,-0.7069846099142891,-1.3265693489413872,-0.313846293632186,-0.23196386683812428,-0.6387797392744271,-0.662046399590779,-0.48267088810220415,-0.5781235869291779,-0.8558502000623982
2012,-0.6484376002133257,-0.6296516106956458,-0.2929081151305697,-0.644984770521445,-1.3295631509391266,-0.12706946029999175,-0.2539359129262993,-0.6911470015265455,-0.5744837475028719,-0.3395483067206541,-0.6054296693205778,-0.8072548610161963
2013,-0.6311060506138085,-0.7218245919426309,-0.4873098421356505,-0.5910074865308164,-1.2959494808784455,-0.05280313633378807,-0.3456957138479607,-0.5966412788062958,-0.4997442783213621,-0.43058857667282535,-0.5005237849240443,-0.8804526687058355
2014,-0.5204991616498409,-0.8134085523056683,-0.4170724112409634,-0.6376769500781129,-1.3224912774620798,-0.2810624992373819,-0.4192267021070996,-0.540163506702614,-0.6038168834975841,-0.5323516949803794,-0.40093335883467596,-0.7815740553479865
